produto,unidadesvendidas
Logitech MK270R Wireless Keyboard and Mouse Combo,15264
Nintendo Switch Console Lite,15256
Taco Cat Goat Cheese Pizza Card Game,15247
Sony WH1000XM4 Noise Canceling Wireless Headphones,15174
TP-Link Tapo Pan/Tilt Smart Security Camera,15168
PHILIPS Sonicare 9900 Prestige Power Toothbrush,15147
YABER WiFi Projector Mini Portable Projector 6000 Lumen 1080P,15138
HyperX QuadCast S â€“ RGB USB Condenser Microphone for PC,15121
LG 29WL50S - 29 inch UltraWide UHD,15095
Kindle Paperwhite (8GB),15064
